INDEXATION CARBURANT Clients 2026;;;;;;;;;;;;;;;;;;;;
;;;;;;Jours;Ouvrables;;26;24;26;25;22;26;26;25;26;27;24;26
;;;;;;;Ouvrés;;21;20;22;21;17;22;22;21;22;22;20;22
;;;;;;;;;;;;;;;;;;;;
CLIENTS;Contrats;Code Facturation;Indice de Référence;Base indice;Pondération;Mode de Facturation IGO;Valeur de Réf.;;janv-26;févr-26;mars-26;avr-26;mai-26;juin-26;juil-26;août-26;sept-26;oct-26;nov-26;déc-26
CAT;IVELI_FRIDF SR1;CAT;174,88;CNR GO PRO M-1;25%;% Pied de facture;;;0,95%;1,83%;2,64%;10,46%;-25,00%;-25,00%;-25,00%;-25,00%;-25,00%;-25,00%;-25,00%;-25,00%
CAT;JCBBO_FRIDF;CAT;174,88;CNR GO PRO M-1;25%;% Pied de facture;;;0,95%;1,83%;2,64%;10,46%;-25,00%;-25,00%;-25,00%;-25,00%;-25,00%;-25,00%;-25,00%;-25,00%
CEVA LOGISTIC;CEVA GENNEVILLIERS;CEVAGEN;?;;;;;;;;;;;;;;;;;
CEVA LOGISTIC;CEVA MOISSY;CEVAMOI;?;;;;;;;;;;;;;;;;;
CHRONOPOST CHILLY;40U62 - Conforma / MGF;CHCMZ;1,1654;PMM DIREM M-1;0,28;Sur Km;62;;3,003;3,413;3,963;9,670;-20,231;-20,231;-20,231;-20,231;-20,231;-20,231;-20,231;-20,231
CHRONOPOST CHILLY;40U71 - Alloga;CHCMZ;1,6915;PMM DIREM M-1;0,28;Sur Km;129;;-12,75;-11,90;-10,76;1,12;-61,10;-61,10;-61,10;-61,10;-61,10;-61,10;-61,10;-61,10
CHRONOPOST CHILLY;40U72 - Dyson;CHCMZ;1,2187;PMM DIREM M-1;0,28;Sur Km;129;;4,32;5,18;6,32;18,19;-44,02;-44,02;-44,02;-44,02;-44,02;-44,02;-44,02;-44,02
CHRONOPOST CHILLY;40U76 - AMAZON (HNI);CHCMZ;1,376;PMM DIREM M-1;0,28;Sur Km;64;;-0,67;-0,25;0,32;6,21;-24,66;-24,66;-24,66;-24,66;-24,66;-24,66;-24,66;-24,66
CHRONOPOST CHILLY;40U76 - AMAZON (CMZ);CHCMZ;1,376;PMM DIREM M-1;0,28;Sur Km;34;;-0,36;-0,13;0,17;3,30;-13,10;-13,10;-13,10;-13,10;-13,10;-13,10;-13,10;-13,10
CHRONOPOST CHILLY;40U88 (Gaz) - CDISCOUNT CMZ;CHCMZ;1,1431;PMM DIREM M-1;0,28;Sur Km;35;;1,91;2,15;2,46;5,68;-11,20;-11,20;-11,20;-11,20;-11,20;-11,20;-11,20;-11,20
CHRONOPOST CHILLY;40U88 (Gaz) - CDISCOUNT HNI;CHCMZ;1,1431;PMM DIREM M-1;0,28;Sur Km;54;;2,95;3,31;3,79;8,76;-17,28;-17,28;-17,28;-17,28;-17,28;-17,28;-17,28;-17,28
CHRONOPOST CHILLY;40U96;CHCMZ;1,1431;PMM DIREM M-1;0,28;Sur Km;4;;0,22;0,25;0,28;0,65;-1,28;-1,28;-1,28;-1,28;-1,2803;-1,28;-1,28;-1,28
CHRONOPOST HNI;23R03;CHAUL;1,6994;PMM DIREM M-1;0,28;Sur Km;55,6;;-5,620;-5,253;-4,759;0,358;-26,456;-26,456;-26,456;-26,456;-26,456;-26,456;-26,456;-26,456
CHRONOPOST HNI;23R68;CHAUL;1,6908;PMM DIREM M-1;0,3;Sur Km;169,5;;-17,920;-16,719;-15,108;1,607;-85,977;-85,977;-85,977;-85,977;-85,977;-85,977;-85,977;-85,977
CHRONOPOST HNI;23R68;CHAUL;1,6908;PMM DIREM M-1;0,3;Sur Km;56,7;;-5,994;-5,593;-5,054;0,538;-28,761;-28,761;-28,761;-28,761;-28,761;-28,761;-28,761;-28,761
CHRONOPOST HNI;23R67;CHAUL;1,1784;PMM DIREM M-1;0,3;Sur Km;49,4;;2,371;2,721;3,191;8,062;-17,464;-17,464;-17,464;-17,464;-17,464;-17,464;-17,464;-17,464
CHRONOPOST RESEAU;SWAP GAZ;CHRON;0,94;CNR GNV M-1/100;0,29;Sur Km;;;0,1955;0,1903;0,2427;-0,2726;-0,2726;-0,2726;-0,2726;-0,2726;-0,2726;-0,2726;-0,2726;-0,2726
CHRONOPOST RESEAU;SWAP GO;CHRON;0,8318;PMM DIREM M-1;0,29;Sur Km;;;0,1469;0,1538;0,1630;0,2583;-0,2412;-0,2412;-0,2412;-0,2412;-0,2412;-0,2412;-0,2412;-0,2412
CHRONOPOST RESEAU;SPL GAZ;CHRON;0,94;CNR GNV M-1/100;0,26;Sur Km;;;0,1753;0,1706;0,2176;-0,2444;-0,2444;-0,2444;-0,2444;-0,2444;-0,2444;-0,2444;-0,2444;-0,2444
CHRONOPOST RESEAU;VL GO;CHRON;0,8318;PMM DIREM M-1;0,15;Sur Km;;;0,0760;0,0795;0,0843;0,1336;-0,1248;-0,1248;-0,1248;-0,1248;-0,1248;-0,1248;-0,1248;-0,1248
CHRONOPOST RESEAU;SPL GO;CHRON;0,8318;PMM DIREM M-1;0,26;Sur Km;;;0,1317;0,1379;0,1461;0,2316;-0,2163;-0,2163;-0,2163;-0,2163;-0,2163;-0,2163;-0,2163;-0,2163
CHRONOPOST ROISSY;LRCDGORY01;CHROI;1,3384;PMM DIREM M-1;0,26;Sur Km;44;;0,00;0,27;0,63;4,39;-15,31;-15,31;-15,31;-15,31;-15,31;-15,31;-15,31;-15,31
CHRONOPOST ROISSY;LRCDGORY02;CHROI;1,3384;PMM DIREM M-1;0,26;Sur Km;44;;0,00;0,27;0,63;4,39;-15,31;-15,31;-15,31;-15,31;-15,31;-15,31;-15,31;-15,31
COLISSIMO;CTRT 202213366;CSPN;PARC;;;;;;;;;;;;;;;;;
COLISSIMO;GEN202212891SLOT04;CSPN;180,42;CNR GO PRO M-1;13,98%;Variation TK;3,4000;;3,4029;3,4191;3,4340;3,5783;2,9247;2,9247;2,9247;2,9247;2,9247;2,9247;2,9247;2,9247
COLISSIMO;IDFLTHCGENC9595;CSPN;273,99;CNR GO PRO M-1;21,37%;Variation TK;2,5021;;2,3216;2,3336;2,3447;2,4515;1,9674;1,9674;1,9674;1,9674;1,9674;1,9674;1,9674;1,9674
COLISSIMO;IDFN-DOT-00A-CM;CSPN;182,15;CNR GNV M-1;16,84%;Variation TK;2,4130;;2,3668;2,3627;2,4030;2,0067;2,0067;2,0067;2,0067;2,0067;2,0067;2,0067;2,0067;2,0067
COLISSIMO;IDFN-LTH-004-CM;CSPN;182,15;CNR GNV M-1;9,83%;Variation TK;4,1350;;4,0888;4,0847;4,1250;3,7285;3,7285;3,7285;3,7285;3,7285;3,7285;3,7285;3,7285;3,7285
COLISSIMO;IDFN-LTH-007-CM;CSPN;182,15;CNR GNV M-1;16,90%;Variation TK;2,2548;;2,2115;2,2076;2,2454;1,8737;1,8737;1,8737;1,8737;1,8737;1,8737;1,8737;1,8737;1,8737
COLISSIMO;IDFN-LTH-009-S33;CSPN;182,15;CNR GNV M-1;19,42%;Variation TK;2,0315;;1,9866;1,9827;2,0218;1,6370;1,6370;1,6370;1,6370;1,6370;1,6370;1,6370;1,6370;1,6370
COLISSIMO;IDFN-LTH-011-CM;CSPN;182,15;CNR GNV M-1;23,80%;Variation TK;1,7074;;1,6612;1,6571;1,6974;1,3010;1,3010;1,3010;1,3010;1,3010;1,3010;1,3010;1,3010;1,3010
COLISSIMO;IDFN-LTH-014-CM;CSPN;182,15;CNR GNV M-1;20,03%;Variation TK;2,4700;;2,4137;2,4088;2,4579;1,9753;1,9753;1,9753;1,9753;1,9753;1,9753;1,9753;1,9753;1,9753
COLISSIMO;IDFN-LTH-016-S33;CSPN;153,94;CNR GNV M-1;13,76%;Variation TK;4,4842;;4,5142;4,5069;4,5794;3,8672;3,8672;3,8672;3,8672;3,8672;3,8672;3,8672;3,8672;3,8672
COLISSIMO;IDFN-LTH-017-S33;CSPN;153,94;CNR GNV M-1;15,64%;Variation TK;2,4922;;2,5112;2,5066;2,5523;2,1024;2,1024;2,1024;2,1024;2,1024;2,1024;2,1024;2,1024;2,1024
COLISSIMO;IDFN-LTH-081-CM;CSPN;153,94;CNR GNV M-1;15,57%;Variation TK;2,3944;;2,4125;2,4081;2,4519;2,0216;2,0216;2,0216;2,0216;2,0216;2,0216;2,0216;2,0216;2,0216
COLISSIMO;IDFS-MJD-88-CM;CSPN;153,94;CNR GNV M-1;23,47%;Variation TK;1,5889;;1,6070;1,6026;1,6464;1,2160;1,2160;1,2160;1,2160;1,2160;1,2160;1,2160;1,2160;1,2160
COLISSIMO;IDFS-MOI-136-S33;CSPN;153,94;CNR GNV M-1;28,98%;Variation TK;1,5169;;1,5383;1,5331;1,5847;1,0773;1,0773;1,0773;1,0773;1,0773;1,0773;1,0773;1,0773;1,0773
COLISSIMO;IZPFC69SLM090;CSPN;Astreinte;;;;;;;;;;;;;;;;;
COLISSIMO;LII043C9267CR;CSPN;180,42;CNR GO PRO M-1;37,13%;Variation TK;1,0369;;1,0392;1,0523;1,0645;1,1813;0,6519;0,6519;0,6519;0,6519;0,6519;0,6519;0,6519;0,6519
COLISSIMO;LIN128C9562AR;CSPN;167,18;CNR GNV M-1;25,23%;Variation TK;1,5100;;1,4969;1,4927;1,5339;1,1290;1,1290;1,1290;1,1290;1,1290;1,1290;1,1290;1,1290;1,1290
COLISSIMO;LIN198S7776AS;CSPN;195,67;CNR GO PRO M-1;30,99%;Variation TK;1,4662;;1,4333;1,4476;1,4608;1,5879;1,0118;1,0118;1,0118;1,0118;1,0118;1,0118;1,0118;1,0118
COLISSIMO;LIN177C6238CR;CSPN;204,89;CNR GO PRO M-1;33,60%;Variation TK;1,3298;;1,2788;1,2922;1,3046;1,4240;0,8830;0,8830;0,8830;0,8830;0,8830;0,8830;0,8830;0,8830
COLISSIMO;LIO087C9541AR;CSPN;167,18;CNR GNV M-1;27,11%;Variation TK;1,4055;;1,3924;1,3882;1,4294;1,0245;1,0245;1,0245;1,0245;1,0245;1,0245;1,0245;1,0245;1,0245
COLISSIMO;LIO088C9541AR;CSPN;167,18;CNR GNV M-1;26,34%;Variation TK;1,4467;;1,4336;1,4294;1,4706;1,0656;1,0656;1,0656;1,0656;1,0656;1,0656;1,0656;1,0656;1,0656
COLISSIMO;LIO099C7741AR;CSPN;142,37;CNR GNV M-1;23,98%;Variation TK;1,5548;;1,6047;1,5999;1,6473;1,1820;1,1820;1,1820;1,1820;1,1820;1,1820;1,1820;1,1820;1,1820
COLISSIMO;LIS124C7769CR;CSPN;204,89;CNR GO PRO M-1;32,01%;Variation TK;1,3957;;1,3447;1,3581;1,3705;1,4899;0,9489;0,9489;0,9489;0,9489;0,9489;0,9489;0,9489;0,9489
COLISSIMO;LOT 08 - Porteur de Cour NANTERRE;CSPN;180,81;CNR GO PRO M-1;14,00%;Variation Tx Horaire;38,65;;38,6712;38,8550;39,0250;40,6632;33,2390;33,2390;33,2390;33,2390;33,2390;33,2390;33,2390;33,2390
COLISSIMO;IDFN-LTH-017-CM;CSPN;153,94;CNR GNV M-1;20,21%;Variation TK;2,3748;;2,3982;2,3925;2,4488;1,8949;1,8949;1,8949;1,8949;1,8949;1,8949;1,8949;1,8949;1,8949
COLISSIMO;IDFS-MOI-307-CM;CSPN;179,54;CNR GNV M-1;20,98%;Variation TK;1,3559;;1,3056;1,3006;1,3507;0,8577;0,8577;0,8577;0,8577;0,8577;0,8577;0,8577;0,8577;0,8577
COLISSIMO;IDFN-LTH-115-CM;CSPN;179,54;CNR GNV M-1;18,69%;Variation TK;2,3948;;2,3500;2,3455;2,3902;1,9509;1,9509;1,9509;1,9509;1,9509;1,9509;1,9509;1,9509;1,9509
COLISSIMO;LIO124S7741AR;CSPN;195,67;CNR GO PRO M-1;30,78%;Variation TK;1,1937;;1,1671;1,1787;1,1893;1,2921;0,8263;0,8263;0,8263;0,8263;0,8263;0,8263;0,8263;0,8263
COLISSIMO;IDFS-MJD-207-CM;CSPN;192,18;CNR GNV M-1;24,45%;Variation TK;1,8084;;1,7377;1,7335;1,7750;1,3662;1,3662;1,3662;1,3662;1,3662;1,3662;1,3662;1,3662;1,3662
COLISSIMO;IDFS-MJD-104-S33;CSPN;170,34;CNR GNV M-1;25,01%;Variation TK;1,6503;;1,6287;1,6243;1,6681;1,2376;1,2376;1,2376;1,2376;1,2376;1,2376;1,2376;1,2376;1,2376
COLISSIMO;IDFS-MJD-106-S33;CSPN;170,34;CNR GNV M-1;18,10%;Variation TK;2,1640;;2,1435;2,1393;2,1809;1,7723;1,7723;1,7723;1,7723;1,7723;1,7723;1,7723;1,7723;1,7723
COLISSIMO;LIN204C9576AR;CSPN;163,31;CNR GNV M-1;27,69%;Variation TK;1,4210;;1,4165;1,4121;1,4556;1,0275;1,0275;1,0275;1,0275;1,0275;1,0275;1,0275;1,0275;1,0275
COLISSIMO;LIN205C9576AR;CSPN;163,31;CNR GNV M-1;27,98%;Variation TK;1,4520;;1,4473;1,4428;1,4877;1,0457;1,0457;1,0457;1,0457;1,0457;1,0457;1,0457;1,0457;1,0457
DACHSER CERGY;532_FT_113;DACER;182,05;CNR GO PRO M-1;26,50%;% Pied de facture;;;4,50%;0,82%;1,64%;9,61%;-26,50%;-26,50%;-26,50%;-26,50%;-26,50%;-26,50%;-26,50%;-26,50%
DACHSER CERGY;532_FT_148;DACER;182,05;CNR GO PRO M-1;26,50%;% Pied de facture;;;-4,54%;0,82%;1,64%;9,61%;-26,50%;-26,50%;-26,50%;-26,50%;-26,50%;-26,50%;-26,50%;-26,50%
DACHSER CERGY;532_FT_151;DACER;182,05;CNR GO PRO M-1;26,50%;% Pied de facture;;;-4,70%;0,82%;1,64%;9,61%;-26,50%;-26,50%;-26,50%;-26,50%;-26,50%;-26,50%;-26,50%;-26,50%
DACHSER CERGY;532_FT_25;DACER;182,05;CNR GO PRO M-1;26,50%;% Pied de facture;;;-4,23%;0,82%;1,64%;9,61%;-26,50%;-26,50%;-26,50%;-26,50%;-26,50%;-26,50%;-26,50%;-26,50%
DACHSER CERGY;532_FT_445;DACER;182,05;CNR GO PRO M-1;26,50%;% Pied de facture;;;-4,86%;0,82%;1,64%;9,61%;-26,50%;-26,50%;-26,50%;-26,50%;-26,50%;-26,50%;-26,50%;-26,50%
DACHSER CERGY;AR Cergy - Pantin;DACER;188,39;CNR GO PRO M-1;16,90%;% Pied de facture;;;-0,62%;-0,07%;0,44%;5,35%;-16,90%;-16,90%;-16,90%;-16,90%;-16,90%;-16,90%;-16,90%;-16,90%
Dachser HOLNON;537_FT_141;DASTQ;181,52;CNR GO PRO M-1;28,00%;% Pied de facture;;;0,00%;0,95%;1,82%;10,27%;-28,00%;-28,00%;-28,00%;-28,00%;-28,00%;-28,00%;-28,00%;-28,00%
Dachser HOLNON;NAVETTE LC;DASTQ;181,52;CNR GO PRO M-1;28,00%;% Pied de facture;;;0,00%;0,95%;1,82%;10,27%;-28,00%;-28,00%;-28,00%;-28,00%;-28,00%;-28,00%;-28,00%;-28,00%
DACHSER PANTIN;567_FT_423;DAPAN;142,37;CNR GNV M-1;25,70%;% Pied de facture;;;3,44%;3,11%;6,37%;-25,70%;-25,70%;-25,70%;-25,70%;-25,70%;-25,70%;-25,70%;-25,70%;-25,70%
DACHSER STRASBOURG;538_FT_70;DASTR;1,1549;CMM M-1;28,00%;% Pied de facture;;;2,76%;4,05%;4,84%;14,61%;-28,00%;-28,00%;-28,00%;-28,00%;-28,00%;-28,00%;-28,00%;-28,00%
DACHSER VILLEPARISIS ;535_FT_297;DACHS;182,05;CNR GO PRO M-1;26,50%;% Pied de facture;;;5,34%;0,82%;1,64%;9,61%;-26,50%;-26,50%;-26,50%;-26,50%;-26,50%;-26,50%;-26,50%;-26,50%
DACHSER VILLEPARISIS ;535_FT_378;DACHS;182,05;CNR GO PRO M-1;26,50%;% Pied de facture;;;9,91%;0,82%;1,64%;9,61%;-26,50%;-26,50%;-26,50%;-26,50%;-26,50%;-26,50%;-26,50%;-26,50%
DACHSER VILLEPARISIS ;535_FT_5048;DACHS;182,05;CNR GO PRO M-1;26,50%;% Pied de facture;;;9,90%;0,82%;1,64%;9,61%;-26,50%;-26,50%;-26,50%;-26,50%;-26,50%;-26,50%;-26,50%;-26,50%
DACHSER VILLEPARISIS ;T 962;DACHS;187,15;CNR GO PRO M-2;17,00%;% Pied de facture;;;6,90%;-0,51%;0,05%;0,56%;5,53%;-17,00%;-17,00%;-17,00%;-17,00%;-17,00%;-17,00%;-17,00%
DACHSER VILLEPARISIS ;T 964;DACHS;187,15;CNR GO PRO M-2;17,00%;% Pied de facture;;;6,90%;-0,51%;0,05%;0,56%;5,53%;-17,00%;-17,00%;-17,00%;-17,00%;-17,00%;-17,00%;-17,00%
DACHSER VILLEPARISIS ;T963;DACHS;187,15;CNR GO PRO M-2;17,00%;% Pied de facture;;;6,90%;-0,51%;0,05%;0,56%;5,53%;-17,00%;-17,00%;-17,00%;-17,00%;-17,00%;-17,00%;-17,00%
DACHSER VILLEPARISIS ;917;DACHS;187,15;CNR GO PRO M-1;22,10%;% Pied de facture;;;-0,66%;0,06%;0,73%;7,20%;-22,10%;-22,10%;-22,10%;-22,10%;-22,10%;-22,10%;-22,10%;-22,10%
DACHSER VILLEPARISIS ;527_535_FT_425;DACHS;183,25;CNR GO PRO M-1;22,40%;% Pied de facture;;;-0,21%;0,54%;1,23%;7,92%;-22,40%;-22,40%;-22,40%;-22,40%;-22,40%;-22,40%;-22,40%;-22,40%
DACHSER WISSOUS;534_FT_115;DAWIS;182,05;CNR GO PRO M-1;26,50%;% Pied de facture;;;1,65%;0,82%;1,64%;9,61%;-26,50%;-26,50%;-26,50%;-26,50%;-26,50%;-26,50%;-26,50%;-26,50%
DACHSER WISSOUS;534_FT_5022;DAWIS;182,05;CNR GO PRO M-1;26,50%;% Pied de facture;;;8,77%;0,82%;1,64%;9,61%;-26,50%;-26,50%;-26,50%;-26,50%;-26,50%;-26,50%;-26,50%;-26,50%
DGF;;DGF;;;;;;;;;;;;;;;;;;
DHL AVIATION;;DHLAV;;;;;;;;;;;;;;;;;;
DHL EUROAD;COST CENTER 925201;DHLGM;0,8986;CMM M-1;13%;% Pied de facture;;;5,35%;6,12%;6,60%;12,43%;-13,00%;-13,00%;-13,00%;-13,00%;-13,00%;-13,00%;-13,00%;-13,00%
DHL EXPRESS;CONTRAT FRD;DHLINT;0;;;;;;;;;;;;;;;;;
DHL EXPRESS;COURSE-SPL;DHLINT;;;;;;;;;;;;;;;;;;
DHL EXPRESS;PRESTATIONS IDF GAZ;DHLINT;162,44;CNR GNV M-1;18%;% Pied de facture;;;-0,11%;-0,31%;1,69%;-18,00%;-18,00%;-18,00%;-18,00%;-18,00%;-18,00%;-18,00%;-18,00%;-18,00%
DHL EXPRESS;PRESTATIONS IDF GO;DHLINT;224,45;CNR GO PRO M-1;18%;% Pied de facture;;;-3,44%;-2,95%;-2,49%;1,90%;-18,00%;-18,00%;-18,00%;-18,00%;-18,00%;-18,00%;-18,00%;-18,00%
DHL EXPRESS;PRESTATIONS LYON GO;DHLINT;152,93;CNR GO PRO M-1;18%;% Pied de facture;;;3,37%;4,09%;4,76%;11,20%;-18,00%;-18,00%;-18,00%;-18,00%;-18,00%;-18,00%;-18,00%;-18,00%
DHL FREIGHT;;DHLFREI;?;;;;;;;;;;;;;;;;;
DPD 78;;DPD078;1,0643;DIREM M-1;20%;% Pied de facture;;;5,15%;5,59%;6,19%;12,37%;-20,00%;-20,00%;-20,00%;-20,00%;-20,00%;-20,00%;-20,00%;-20,00%
EXAPAQ;095_175_095;EXAPAQ;0,8661;DIREM du mois M;0,28;Sur Km;180;;0,1401;0,1424;0,2495;-0,2425;-0,2425;-0,2425;-0,2425;-0,2425;-0,2425;-0,2425;-0,2425;-0,2425
EXAPAQ;078 MINOLTA;EXAPAQ;0,8661;DIREM du mois M;0,3;Sur Km;280;;0,1501;0,1526;0,2674;-0,2598;-0,2598;-0,2598;-0,2598;-0,2598;-0,2598;-0,2598;-0,2598;-0,2598
EXAPAQ;078_175_076_175_078;EXAPAQ;0,8661;DIREM du mois M;0,3;Sur Km;484;;0,1501;0,1526;0,2674;-0,2598;-0,2598;-0,2598;-0,2598;-0,2598;-0,2598;-0,2598;-0,2598;-0,2598
EXAPAQ;078_Ramasses_078_175_078;EXAPAQ;0,8661;DIREM du mois M;0,3;Sur Km;340;;0,1501;0,1526;0,2674;-0,2598;-0,2598;-0,2598;-0,2598;-0,2598;-0,2598;-0,2598;-0,2598;-0,2598
EXAPAQ;Amblainville ;EXAPAQ;0,975;CNR GNV M-1/100;0,26;Sur Km;237;;0,1662;0,1615;0,2085;-0,2535;-0,2535;-0,2535;-0,2535;-0,2535;-0,2535;-0,2535;-0,2535;-0,2535
EXAPAQ;Vemars;EXAPAQ;0,975;CNR GNV M-1/100;0,28;Sur Km;161;;0,1790;0,1739;0,2245;-0,2730;-0,2730;-0,2730;-0,2730;-0,2730;-0,2730;-0,2730;-0,2730;-0,2730
FEDEX AGENCE TREMBLAY;R404;FEDEX;183,55;????;12,71%;% Pied de facture;;;;;;;;;;;;;;
FEDEX AGENCE TREMBLAY;R528;FEDEX;222,12;????;26%;% Pied de facture;;;;;;;;;;;;;;
FEDEX AGENCE TREMBLAY;R487;FEDEX;222,12;????;26%;% Pied de facture;;;;;;;;;;;;;;
FEDEX AGENCE TREMBLAY;R488;FEDEX;222,12;????;26%;% Pied de facture;;;;;;;;;;;;;;
FEDEX;FEDEX LBG;FEDEX;160;CNR GNV M-1;24%;% Pied de facture;;;0,21%;-0,06%;2,65%;-24,00%;-24,00%;-24,00%;-24,00%;-24,00%;-24,00%;-24,00%;-24,00%;-24,00%
FEDEX;FRT91A-1110614-2 (indice 202,73);FEDEX;202,73;CNR GO PRO M-2;26%;% Pied de facture;;;-1,37%;-2,72%;-1,93%;-1,20%;5,82%;-26,00%;-26,00%;-26,00%;-26,00%;-26,00%;-26,00%;-26,00%
FEDEX;FRT91A-1110614-2 (FRT03850);FEDEX;202,73;CNR GO PRO M-2;16%;% Pied de facture;;;-0,84%;-1,67%;-1,19%;-0,74%;3,58%;-16,00%;-16,00%;-16,00%;-16,00%;-16,00%;-16,00%;-16,00%
FEDEX;FRT91A-1110614-2 (indice 188,39);FEDEX;188,39;CNR GO PRO M-2;25%;% Pied de facture;;;0,48%;-0,91%;-0,10%;0,66%;7,92%;-25,00%;-25,00%;-25,00%;-25,00%;-25,00%;-25,00%;-25,00%
FEDEX;FRT91A-1110614-2 (FRT04272);FEDEX;188,39;CNR GO PRO M-2;24%;% Pied de facture;;;0,46%;-0,88%;-0,09%;0,63%;7,60%;-24,00%;-24,00%;-24,00%;-24,00%;-24,00%;-24,00%;-24,00%
FEDEX;FRT91A-1110614-2 (FRT03910-03932);FEDEX;188,39;CNR GO PRO M-2;17%;% Pied de facture;;;0,33%;-0,62%;-0,07%;0,45%;5,39%;-17,00%;-17,00%;-17,00%;-17,00%;-17,00%;-17,00%;-17,00%
FEDEX;FRTLY4-1110567-1;FEDEX;202,73;CNR GO PRO M-2;26%;% Pied de facture;;;-1,37%;-2,72%;-1,93%;-1,20%;5,82%;-26,00%;-26,00%;-26,00%;-26,00%;-26,00%;-26,00%;-26,00%
FEDEX;FRTNY4-1110517-1;FEDEX;202,73;CNR GO PRO M-2;26%;% Pied de facture;;;-1,37%;-2,72%;-1,93%;-1,20%;5,82%;-26,00%;-26,00%;-26,00%;-26,00%;-26,00%;-26,00%;-26,00%
FEDEX;FRT91A-1110614-2 (indice 195,67);FEDEX;195,67;CNR GO PRO M-2;22,1%;% Pied de facture;;;-0,41%;-1,60%;-0,90%;-0,26%;5,92%;-22,10%;-22,10%;-22,10%;-22,10%;-22,10%;-22,10%;-22,10%
FEDEX Réseau Acheminement;AIDF40;FEDEX;188,39;CNR GO PRO M-1;24%;% Pied de facture;;;-0,88%;-0,09%;0,63%;7,60%;-24,00%;-24,00%;-24,00%;-24,00%;-24,00%;-24,00%;-24,00%;-24,00%
FEDEX Réseau Acheminement;A5167;FEDEX;202,73;CNR GO PRO M-1;26%;% Pied de facture;;;-2,72%;-1,93%;-1,20%;5,82%;-26,00%;-26,00%;-26,00%;-26,00%;-26,00%;-26,00%;-26,00%;-26,00%
FEDEX Réseau Acheminement;A5136;FEDEX;202,73;CNR GO PRO M-1;26%;% Pied de facture;;;-2,72%;-1,93%;-1,20%;5,82%;-26,00%;-26,00%;-26,00%;-26,00%;-26,00%;-26,00%;-26,00%;-26,00%
FEDEX Réseau Acheminement;A5164;FEDEX;202,73;CNR GO PRO M-1;26%;% Pied de facture;;;-2,72%;-1,93%;-1,20%;5,82%;-26,00%;-26,00%;-26,00%;-26,00%;-26,00%;-26,00%;-26,00%;-26,00%
FEDEX Réseau Acheminement;A5166;FEDEX;202,73;CNR GO PRO M-1;26%;% Pied de facture;;;-2,72%;-1,93%;-1,20%;5,82%;-26,00%;-26,00%;-26,00%;-26,00%;-26,00%;-26,00%;-26,00%;-26,00%
FEDEX Réseau Acheminement;A5170;FEDEX;202,73;CNR GO PRO M-1;26%;% Pied de facture;;;-2,72%;-1,93%;-1,20%;5,82%;-26,00%;-26,00%;-26,00%;-26,00%;-26,00%;-26,00%;-26,00%;-26,00%
FEDEX Réseau Acheminement;AIDF22;FEDEX;188,39;CNR GO PRO M-1;19%;% Pied de facture;;;-0,69%;-0,07%;0,50%;6,02%;-19,00%;-19,00%;-19,00%;-19,00%;-19,00%;-19,00%;-19,00%;-19,00%
GLS;Troyes - Fleury;GLSMES;118,42;CMM M-1;20,90%;% Pied de facture;;;11,14%;12,22%;13,22%;22,88%;-20,90%;-20,90%;-20,90%;-20,90%;-20,90%;-20,90%;-20,90%;-20,90%
GLS;MAD COMBS - RP59177;GLSTLS;136,18;CMM M-1;20,90%;% Pied de facture;;;6,96%;7,90%;8,77%;17,17%;-20,90%;-20,90%;-20,90%;-20,90%;-20,90%;-20,90%;-20,90%;-20,90%
GLS;LOT 04 - RP7891951;GLSTLS;206,31;CMM M-1;20,90%;% Pied de facture;;;-2,51%;-1,89%;-1,31%;4,23%;-20,90%;-20,90%;-20,90%;-20,90%;-20,90%;-20,90%;-20,90%;-20,90%
GLS;LOT 05 - RP789610;GLSTLS;206,31;CMM M-1;20,90%;% Pied de facture;;;-2,51%;-1,89%;-1,31%;4,23%;-20,90%;-20,90%;-20,90%;-20,90%;-20,90%;-20,90%;-20,90%;-20,90%
GLS;LOT 03 - RP959193;GLSTLS;195,67;CMM M-1;20,90%;% Pied de facture;;;-1,51%;-0,86%;-0,25%;5,60%;-20,90%;-20,90%;-20,90%;-20,90%;-20,90%;-20,90%;-20,90%;-20,90%
GLS;RP9477TP2;GLSTLS;197,36;CMM M-1;20,90%;% Pied de facture;;;-1,68%;-1,03%;-0,43%;5,37%;-20,90%;-20,90%;-20,90%;-20,90%;-20,90%;-20,90%;-20,90%;-20,90%
GLS;RP955912 - RP955913;GLSTLS;206,31;CMM M-1;20,90%;% Pied de facture;;;-2,51%;-1,89%;-1,31%;4,23%;-20,90%;-20,90%;-20,90%;-20,90%;-20,90%;-20,90%;-20,90%;-20,90%
HEPPNER;T0944040202501;HEPPNSP;1,06;CMM M-1;25%;% Pied de facture;;;4,92%;6,17%;6,95%;16,45%;-25,00%;-25,00%;-25,00%;-25,00%;-25,00%;-25,00%;-25,00%;-25,00%
HEPPNER;T4237740202501;HEPPNRUN;1,06;CMM M-1;25%;% Pied de facture;;;4,92%;6,17%;6,95%;16,45%;-25,00%;-25,00%;-25,00%;-25,00%;-25,00%;-25,00%;-25,00%;-25,00%
MONDIAL RELAY;010061 - T10061;MONDIAL;1,4597;PMM M-1;23,50%;% Pied de facture;;;-1,95%;-1,57%;-1,06%;4,23%;-23,50%;-23,50%;-23,50%;-23,50%;-23,50%;-23,50%;-23,50%;-23,50%
SCHENKER;7797-1;DBSCHENKER;1,0632;CMM M-1;23,50%;% Pied de facture;;;4,54%;5,72%;6,44%;15,35%;-23,50%;-23,50%;-23,50%;-23,50%;-23,50%;-23,50%;-23,50%;-23,50%
SCHENKER;9293-4;DBSCHENKER;1,0632;CMM M-1;23,50%;% Pied de facture;;;4,54%;5,72%;6,44%;15,35%;-23,50%;-23,50%;-23,50%;-23,50%;-23,50%;-23,50%;-23,50%;-23,50%
SCHENKER;9777-2;DBSCHENKER;1,0632;CMM M-1;23,50%;% Pied de facture;;;4,54%;5,72%;6,44%;15,35%;-23,50%;-23,50%;-23,50%;-23,50%;-23,50%;-23,50%;-23,50%;-23,50%
TAB;Caisse Mobile;TAB;243,19;CNR GO PRO M;23,5%;% Pied de facture;;;-5,366%;-4,817%;0,473%;-23,500%;-23,500%;-23,500%;-23,500%;-23,500%;-23,500%;-23,500%;-23,500%;-23,500%
TAB;Ensemble;TAB;218,8;CNR GO PRO M;25,00%;% Pied de facture;;;-3,558%;-2,909%;3,346%;-25,000%;-25,000%;-25,000%;-25,000%;-25,000%;-25,000%;-25,000%;-25,000%;-25,000%
UPS;Navette AMAZON (AS/AR);UPS;163,09;CNR GO PRO HTVA M;19,20%;% Pied de facture;;;3,89%;4,51%;10,46%;-19,20%;-19,20%;-19,20%;-19,20%;-19,20%;-19,20%;-19,20%;-19,20%;-19,20%
UPS;PA 06;UPS;220,2;CNR GO PRO HTVA M;19,20%;% Pied de facture;;;-2,10%;-1,64%;2,77%;-19,20%;-19,20%;-19,20%;-19,20%;-19,20%;-19,20%;-19,20%;-19,20%;-19,20%
UPS;PA 07;UPS;220,2;CNR GO PRO HTVA M;19,20%;% Pied de facture;;;-2,10%;-1,64%;2,77%;-19,20%;-19,20%;-19,20%;-19,20%;-19,20%;-19,20%;-19,20%;-19,20%;-19,20%
UPS;PA16;UPS;203,84;CNR GO PRO HTVA M;19,20%;% Pied de facture;;;-0,72%;-0,23%;4,53%;-19,20%;-19,20%;-19,20%;-19,20%;-19,20%;-19,20%;-19,20%;-19,20%;-19,20%
UPS;PA 18;UPS;220,2;CNR GO PRO HTVA M;19,20%;% Pied de facture;;;-2,10%;-1,64%;2,77%;-19,20%;-19,20%;-19,20%;-19,20%;-19,20%;-19,20%;-19,20%;-19,20%;-19,20%
UPS;E 951;UPS;220,2;CNR GO PRO HTVA M;19,20%;% Pied de facture;;;-2,10%;-1,64%;2,77%;-19,20%;-19,20%;-19,20%;-19,20%;-19,20%;-19,20%;-19,20%;-19,20%;-19,20%
UPS;PA 94;UPS;203,84;CNR GO PRO HTVA M;19,20%;% Pied de facture;;;-0,72%;-0,23%;4,53%;-19,20%;-19,20%;-19,20%;-19,20%;-19,20%;-19,20%;-19,20%;-19,20%;-19,20%
UPS;PA 95;UPS;220,2;CNR GO PRO HTVA M;19,20%;% Pied de facture;;;-2,10%;-1,64%;2,77%;-19,20%;-19,20%;-19,20%;-19,20%;-19,20%;-19,20%;-19,20%;-19,20%;-19,20%
UPS;PA 22;UPS;220,2;CNR GO PRO HTVA M;19,20%;% Pied de facture;;;-2,10%;-1,64%;2,77%;-19,20%;-19,20%;-19,20%;-19,20%;-19,20%;-19,20%;-19,20%;-19,20%;-19,20%
UPS;DJ 21;UPS;164,61;CNR GO PRO HTVA M;20,90%;% Pied de facture;;;4,01%;4,67%;11,09%;-20,90%;-20,90%;-20,90%;-20,90%;-20,90%;-20,90%;-20,90%;-20,90%;-20,90%
UPS;DJ 25;UPS;164,61;CNR GO PRO HTVA M;20,90%;% Pied de facture;;;4,01%;4,67%;11,09%;-20,90%;-20,90%;-20,90%;-20,90%;-20,90%;-20,90%;-20,90%;-20,90%;-20,90%
UPS;E 782;UPS;220,2;CNR GO PRO HTVA M;19,20%;% Pied de facture;;;-2,10%;-1,64%;2,77%;-19,20%;-19,20%;-19,20%;-19,20%;-19,20%;-19,20%;-19,20%;-19,20%;-19,20%
UPS;E 721;UPS;220,2;CNR GO PRO HTVA M;19,20%;% Pied de facture;;;-2,10%;-1,64%;2,77%;-19,20%;-19,20%;-19,20%;-19,20%;-19,20%;-19,20%;-19,20%;-19,20%;-19,20%
UPS;E 371;UPS;220,2;CNR GO PRO HTVA M;19,20%;% Pied de facture;;;-2,10%;-1,64%;2,77%;-19,20%;-19,20%;-19,20%;-19,20%;-19,20%;-19,20%;-19,20%;-19,20%;-19,20%
UPS;AZC1 Reau - Evry;UPS;208,38;CNR GO PRO HTVA M;19,20%;% Pied de facture;;;-1,13%;-0,64%;4,01%;-19,20%;-19,20%;-19,20%;-19,20%;-19,20%;-19,20%;-19,20%;-19,20%;-19,20%
UPS;ASE5;UPS;203,84;CNR GO PRO HTVA M;19,20%;% Pied de facture;;;-0,72%;-0,23%;4,53%;-19,20%;-19,20%;-19,20%;-19,20%;-19,20%;-19,20%;-19,20%;-19,20%;-19,20%
UPS;ASM2;UPS;203,84;CNR GO PRO HTVA M;19,20%;% Pied de facture;;;-0,72%;-0,23%;4,53%;-19,20%;-19,20%;-19,20%;-19,20%;-19,20%;-19,20%;-19,20%;-19,20%;-19,20%
UPS;CN02;UPS;203,84;CNR GO PRO HTVA M;20,90%;% Pied de facture;;;-0,79%;-0,25%;4,93%;-20,90%;-20,90%;-20,90%;-20,90%;-20,90%;-20,90%;-20,90%;-20,90%;-20,90%
UPS;LL 01;UPS;220,2;CNR GO PRO HTVA M;19,20%;% Pied de facture;;;-2,10%;-1,64%;2,77%;-19,20%;-19,20%;-19,20%;-19,20%;-19,20%;-19,20%;-19,20%;-19,20%;-19,20%
VIAPOST COURRIER;EZN104S7691AR;VIAPOST;209,36;CNR GO PRO M-1;30,52%;Variation TK;1,6317;;1,5655;1,5801;1,5936;1,7238;1,1337;1,1337;1,1337;1,1337;1,1337;1,1337;1,1337;1,1337
VIAPOST COURRIER;EZN105S9376AR;VIAPOST;176,61;CNR GO PRO M-1;23,06%;Variation TK;2,0185;;2,0314;2,0476;2,0626;2,2069;1,5530;1,5530;1,5530;1,5530;1,5530;1,5530;1,5530;1,5530
VIAPOST COURRIER;EZS071S6994MI;VIAPOST;101,15;CNR GNV M-1;22,54%;Variation TK;1,275;;1,4463;1,4411;1,4924;0,9876;0,9876;0,9876;0,9876;0,9876;0,9876;0,9876;0,9876;0,9876
VIAPOST COURRIER;EZN158S5993AS;VIAPOST;195,67;CNR GO PRO M-1;28,15%;Variation TK;2,8118;;2,7546;2,7794;2,8024;3,0238;2,0203;2,0203;2,0203;2,0203;2,0203;2,0203;2,0203;2,0203
VIAPOST PRESSE;LOT 163;VIAPOST;153,94;CNR GNV M-1;15,00%;% Pied de facture;;;0,73%;0,55%;2,3132%;-15,0000%;-15,0000%;-15,0000%;-15,0000%;-15,0000%;-15,0000%;-15,0000%;-15,0000%;-15,0000%
VIAPOST PRESSE;LOT 164;VIAPOST;153,94;CNR GNV M-1;15,00%;% Pied de facture;;;0,73%;0,55%;2,3132%;-15,0000%;-15,0000%;-15,0000%;-15,0000%;-15,0000%;-15,0000%;-15,0000%;-15,0000%;-15,0000%
VIAPOST PRESSE;LOT 168;VIAPOST;153,94;CNR GNV M-1;18,00%;% Pied de facture;;;0,88%;0,66%;2,7759%;-18,0000%;-18,0000%;-18,0000%;-18,0000%;-18,0000%;-18,0000%;-18,0000%;-18,0000%;-18,0000%
VIAPOST PRESSE;LOT 170;VIAPOST;0,9205;ENGIE VIAPOST M-1;12,47%;% Pied de facture;;;0,85%;0,20%;1,4834%;-12,470%;-12,470%;-12,470%;-12,470%;-12,470%;-12,470%;-12,470%;-12,470%;-12,470%
VENTE UNIQUE;Amblainville - GARONOR;VENTEUN;Demarrage en SPOT;;;;;;;;;;;;;;;;;
MAUSER;MAD MONTATAIRE;MAUSE;161,81;CNR GO PRO M-2;22,10%;% Pied de facture;;;1,58%;-0,38%;3,53%;4,31%;11,78%;-22,10%;-22,10%;-22,10%;-22,10%;-22,10%;-22,10%;-22,10%
ALYSIA;Navette Orly - Roissy;ALYSIA;Demarrage en SPOT;;;;;;;;;;;;;;;;;
HEPPNER 95;MAD ;HEPPNGON;?;; ;% Pied de facture;;;;;;;;;;;;;;
COLIS PRIVE;HUB19CCE27;COLISP;1,3196;CMM M-1;25,00%;% Pied de facture;;;-0,96%;0,04%;0,66%;8,30%;-25,00%;-25,00%;-25,00%;-25,00%;-25,00%;-25,00%;-25,00%;-25,00%
FTL;MADFTL;FTLGROUP;181,52;CNR GO PRO M-1;12,00%;% Pied de facture;;;0,00%;0,41%;0,78%;4,40%;-12,00%;-12,00%;-12,00%;-12,00%;-12,00%;-12,00%;-12,00%;-12,00%
GEODIS BRIE;PPT03;;204,89;CNR GO PRO M-1;22,00%;% Pied de facture;;;-2,51%;-1,85%;-1,24%;4,64%;-22,00%;-22,00%;-22,00%;-22,00%;-22,00%;-22,00%;-22,00%;-22,00%
AUCHAN;MAD Double Poste;AUCHAN;1,2099;CMM M-1 (-TICPE);0,31;Variation TK;;;;0,3615;0,3717;0,4966;-0,0482;-0,0482;-0,0482;-0,0482;-0,0482;-0,0482;-0,0482;-0,0482
;;;;;;;;;;;;;;;;;;;;
;;;;;;;;;;;;;;;;;;;;
Calcul Tarif VIAPOST ENGIE ;Tarif Négocié;indexation;%;;;;;;;;;;;;;;;;;
réf 170.10;190,09;2,82;0,1247;;;;;;;;;;;;;;;;;
;0,118966144;;;;;;;;;;;;;;;;;;;
;1,0300;;;;;;;;;;;;;;;;;;;